Nome,Citta,Indirizzo,Telefono,Email,Categoria,Motivo,Recensioni,Demo URL,WhatsApp link,Email link,Inviato
Trattoria Ceriati di Antonio Tartamella & C Snc,Ceriati PR,"Str. di Cangelasio, 18, 43039 Ceriati PR",0524 573654,,SENZA SITO,nessun sito,1304,https://mirondavide.com/agriturismo/trattoria-ceriati-di-antonio-tartamella-c-snc/,,,
Osteria Il Norcino,Parma PR,"Via Colorno, 127, 43122 Parma PR",0521 607212,,SENZA SITO,nessun sito,1281,https://mirondavide.com/agriturismo/osteria-il-norcino/,,,
OsteMagno,Parma PR,"Piazza della Pace, 5B, 43121 Parma PR",0521 882449,,SENZA SITO,nessun sito,1136,https://mirondavide.com/agriturismo/ostemagno/,,,
Vecchio Borgo,Borgo Val di Taro PR,"Via Cassio, 14, 43043 Borgo Val di Taro PR",0525 99503,,SENZA SITO,nessun sito,1055,https://mirondavide.com/agriturismo/vecchio-borgo/,,,
"Trattoria ""da Romeo""",Parma PR,"Strada Provinciale Traversetolo, 185, 43123 Parma PR",0521 641167,,SENZA SITO,nessun sito,1005,https://mirondavide.com/agriturismo/trattoria-da-romeo/,,,
Grilland Ristorante - Steak House carne alla griglia,Parma PR,"Via Emilia Est, 86, 43123 Parma PR",327 281 0916,,SENZA SITO,nessun sito,853,https://mirondavide.com/agriturismo/grilland-ristorante-steak-house-carne-alla-griglia/,https://wa.me/393272810916?text=Buongiorno%2C%0A%0Ami%20chiamo%20Davide%2C%20realizzo%20siti%20web%20per%20attivit%C3%A0%20locali.%0AHo%20creato%20un%20sito%20da%20zero%20per%20Grilland%20Ristorante%20Steak.%0AEccolo%3A%20https%3A//mirondavide.com/agriturismo/grilland-ristorante-steak-house-carne-alla-griglia/%0A%0ALavoro%20da%20solo%20%E2%80%94%20niente%20agenzie.%20Prezzo%20da%20%E2%82%AC500%2C%20consegna%20in%2072%20ore.%0A%0ASe%20vi%20interessa%2C%20possiamo%20sentirci%2010%20minuti%20%E2%80%94%20anche%20al%20telefono%20o%20passo%20di%20persona.%0A%0AUn%20saluto%2C%0ADavide%20%E2%80%94%20379%20210%206196,,
Trattoria Vernizzi,Busseto PR,"Strada Comunale di Frescarolo, 24, 43011 Busseto PR",0524 92423,,SENZA SITO,nessun sito,836,https://mirondavide.com/agriturismo/trattoria-vernizzi/,,,
Bar Trattoria da Antonia,Parma PR,"Via Pomponio Torelli, 54, 43100 Parma PR",0521 460557,,SENZA SITO,nessun sito,733,https://mirondavide.com/agriturismo/bar-trattoria-da-antonia/,,,
Trattoria Albergo Da Vigion,Corniglio PR,"Str. della Val Parma, 151, 43021 Corniglio PR",0521 888113,,SENZA SITO,nessun sito,693,https://mirondavide.com/agriturismo/trattoria-albergo-da-vigion/,,,
Tra L'uss e L'asa,Parma PR,"Borgo S. Biagio, 6/c, 43121 Parma PR",0521 284699,,SENZA SITO,nessun sito,619,https://mirondavide.com/agriturismo/tra-l-uss-e-l-asa/,,,
Trattoria E Osteria Il Battibecco,Parma PR,"Via Giovanni Lanfranco, 4/b, 43126 Parma PR",0521 988235,,SENZA SITO,nessun sito,602,https://mirondavide.com/agriturismo/trattoria-e-osteria-il-battibecco/,,,
Trattoria Da Mora,Porporano PR,"Strada Rouby Padre Angelo, 2, 43123 Porporano PR",0521 641141,,SENZA SITO,nessun sito,564,https://mirondavide.com/agriturismo/trattoria-da-mora/,,,
Osteria Rangon,Parma PR,"Borgo delle Colonne, 26, 43121 Parma PR",0521 231019,,SENZA SITO,nessun sito,557,https://mirondavide.com/agriturismo/osteria-rangon/,,,
Osteria Virgilio,Parma PR,"Str. Giovanni Inzani, 3, 43125 Parma PR",0521 199 9966,,SENZA SITO,nessun sito,454,https://mirondavide.com/agriturismo/osteria-virgilio/,,,
"Trattoria ""Da Sincero""",Medesano PR,"Via Roccalanzona, 12, 43048 Medesano PR",0525 430168,,SENZA SITO,nessun sito,433,https://mirondavide.com/agriturismo/trattoria-da-sincero/,,,
Soj,Parma PR,"Borgo del Parmigianino, 26, 43121 Parma PR",320 264 4207,,SENZA SITO,nessun sito,181,https://mirondavide.com/agriturismo/soj/,https://wa.me/393202644207?text=Buongiorno%2C%0A%0Ami%20chiamo%20Davide%2C%20realizzo%20siti%20web%20per%20attivit%C3%A0%20locali.%0AHo%20creato%20un%20sito%20da%20zero%20per%20Soj.%0AEccolo%3A%20https%3A//mirondavide.com/agriturismo/soj/%0A%0ALavoro%20da%20solo%20%E2%80%94%20niente%20agenzie.%20Prezzo%20da%20%E2%82%AC500%2C%20consegna%20in%2072%20ore.%0A%0ASe%20vi%20interessa%2C%20possiamo%20sentirci%2010%20minuti%20%E2%80%94%20anche%20al%20telefono%20o%20passo%20di%20persona.%0A%0AUn%20saluto%2C%0ADavide%20%E2%80%94%20379%20210%206196,,
Trattoria Parma,Chiavari GE,"Vico Saline, 27, 16043 Chiavari GE",0185 307125,,SENZA SITO,nessun sito,171,https://mirondavide.com/agriturismo/trattoria-parma/,,,
Ristorante La Vecchia Compiano,Compiano PR,"Piazza Vittorio Emanuele, 10, 43053 Compiano PR",0525 307931,,SENZA SITO,nessun sito,162,https://mirondavide.com/agriturismo/ristorante-la-vecchia-compiano/,,,
Trattoria Salumeria Rosi,Parma PR,"Str. Luigi Carlo Farini, 27, 43100 Parma PR",0521 233528,,SENZA SITO,nessun sito,80,https://mirondavide.com/agriturismo/trattoria-salumeria-rosi/,,,
Micca,Parma PR,"Str. Giordano Cavestro, 4, 43121 Parma PR",0521 160 5045,,SENZA SITO,nessun sito,67,https://mirondavide.com/agriturismo/micca/,,,
Osteria delle serve,Parma PR,"Via Francesco Rismondo, 15, 43125 Parma PR",,,SENZA SITO,nessun sito,0,https://mirondavide.com/agriturismo/osteria-delle-serve/,,,
Osteria antica cereria,Parma PR,"Borgo Rodolfo Tanzi, 5, 43125 Parma PR",0521 576774,,SITO MORTO,il sito non si apre,92,https://mirondavide.com/agriturismo/osteria-antica-cereria/,,,
Trattoria Del Tribunale,Parma PR,"Vicolo Politi, 5, 43121 Parma PR",0521 285527,info@trattoriadeltribunale.it,SITO VECCHIO,no HTTPS,6462,https://mirondavide.com/agriturismo/trattoria-del-tribunale/,,mailto:info@trattoriadeltribunale.it?subject=Sito%20nuovo%20per%20Trattoria%20Del%20Tribunale&body=Buongiorno%2C%0A%0Ami%20chiamo%20Davide%2C%20realizzo%20siti%20web%20per%20attivit%C3%A0%20locali.%0AHo%20preparato%20una%20versione%20pi%C3%B9%20moderna%20del%20sito%20per%20Trattoria%20Del%20Tribunale.%0AEccolo%3A%20https%3A//mirondavide.com/agriturismo/trattoria-del-tribunale/%0A%0ALavoro%20da%20solo%20%E2%80%94%20niente%20agenzie.%20Il%20prezzo%20parte%20da%20%E2%82%AC500%20per%20una%20homepage%20completa%2C%20consegnata%20in%2072%20ore.%0A%0ASe%20vi%20interessa%2C%20possiamo%20sentirci%2010%20minuti%20%E2%80%94%20anche%20al%20telefono%20o%20passo%20di%20persona.%0A%0AUn%20saluto%2C%0ADavide%20%E2%80%94%20379%20210%206196%0A%0A---%0APer%20non%20ricevere%20altri%20messaggi%3A%20rispondete%20%27rimuovi%27.,
I Tri Siochett - Ristorante Trattoria,Parma PR,"Strada Comunale Farnese, 74/A, 43125 Parma PR",0521 968870,,SITO VECCHIO,no HTTPS,4614,https://mirondavide.com/agriturismo/i-tri-siochett-ristorante-trattoria/,,,
Pizzeria Cittadella Parma,Parma PR,"Viale Duca Alessandro, 45, 43123 Parma PR",0521 181 0422,,SITO VECCHIO,no HTTPS,4568,https://mirondavide.com/agriturismo/pizzeria-cittadella-parma/,,,
Ritual,Parma PR,"Viale Antonio Fratti, 20 B, 43122 Parma PR",0521 929715,,SITO VECCHIO,no HTTPS,2560,https://mirondavide.com/agriturismo/ritual/,,,
Trattoria Scarica,Alberi PR,"Str. Martinella, 192, 43124 Alberi PR",0521 648130,,SITO VECCHIO,no HTTPS,2212,https://mirondavide.com/agriturismo/trattoria-scarica/,,,
Antica Trattoria Leoni,Felino PR,"Via Ricò, 42, 43035 Felino PR",0521 831196,leoni@trattorialeoni.it,SITO VECCHIO,no HTTPS,1936,https://mirondavide.com/agriturismo/antica-trattoria-leoni/,,mailto:leoni@trattorialeoni.it?subject=Sito%20nuovo%20per%20Antica%20Trattoria%20Leoni&body=Buongiorno%2C%0A%0Ami%20chiamo%20Davide%2C%20realizzo%20siti%20web%20per%20attivit%C3%A0%20locali.%0AHo%20preparato%20una%20versione%20pi%C3%B9%20moderna%20del%20sito%20per%20Antica%20Trattoria%20Leoni.%0AEccolo%3A%20https%3A//mirondavide.com/agriturismo/antica-trattoria-leoni/%0A%0ALavoro%20da%20solo%20%E2%80%94%20niente%20agenzie.%20Il%20prezzo%20parte%20da%20%E2%82%AC500%20per%20una%20homepage%20completa%2C%20consegnata%20in%2072%20ore.%0A%0ASe%20vi%20interessa%2C%20possiamo%20sentirci%2010%20minuti%20%E2%80%94%20anche%20al%20telefono%20o%20passo%20di%20persona.%0A%0AUn%20saluto%2C%0ADavide%20%E2%80%94%20379%20210%206196%0A%0A---%0APer%20non%20ricevere%20altri%20messaggi%3A%20rispondete%20%27rimuovi%27.,
Ristorante Romani,Vicomero PR,"Str. dei Ronchi, 2, 43056 Vicomero PR",0521 314117,,SITO VECCHIO,no HTTPS,1917,https://mirondavide.com/agriturismo/ristorante-romani/,,,
Trattoria Antichi Sapori,Parma PR,"Str. Montanara, 318, 43124 Parma PR",0521 648165,,SITO VECCHIO,no HTTPS,1458,https://mirondavide.com/agriturismo/trattoria-antichi-sapori/,,,
Ristorante Il Rigoletto,Fontevivo PR,"Str. delle Anime, 2, 43010 Fontevivo PR",0521 615095,,SITO VECCHIO,"no HTTPS, non adatto al telefono",1421,https://mirondavide.com/agriturismo/ristorante-il-rigoletto/,,,
Angiol d'Or,Parma PR,"Via Scutellari, 1, 43121 Parma PR",0521 282632,,SITO VECCHIO,"no HTTPS, template economico",1338,https://mirondavide.com/agriturismo/angiol-d-or/,,,
Ristorante Parma Rotta,Parma PR,"Str. Langhirano, 158, 43124 Parma PR",0521 966738,,SITO VECCHIO,"no HTTPS, non adatto al telefono",1267,https://mirondavide.com/agriturismo/ristorante-parma-rotta/,,,
La Locanda di Sparafucile,Parma PR,"Via Colorno, 39, 43122 Parma PR",0521 607073,,SITO VECCHIO,"no HTTPS, non adatto al telefono, copyright 2010",1175,https://mirondavide.com/agriturismo/la-locanda-di-sparafucile/,,,
Osteria Dello Zingaro,Parma PR,"Borgo del Correggio, 5/B, 43100 Parma PR",0521 207483,,SITO VECCHIO,non adatto al telefono,1174,https://mirondavide.com/agriturismo/osteria-dello-zingaro/,,,
Antica Osteria della Ghiaia,Parma PR,"Borgo Paggeria, 12, A, 43121 Parma PR",0521 287930,info@osteriadellaghiaia.it,SITO VECCHIO,no HTTPS,1163,https://mirondavide.com/agriturismo/antica-osteria-della-ghiaia/,,mailto:info@osteriadellaghiaia.it?subject=Sito%20nuovo%20per%20Antica%20Osteria%20della&body=Buongiorno%2C%0A%0Ami%20chiamo%20Davide%2C%20realizzo%20siti%20web%20per%20attivit%C3%A0%20locali.%0AHo%20preparato%20una%20versione%20pi%C3%B9%20moderna%20del%20sito%20per%20Antica%20Osteria%20della.%0AEccolo%3A%20https%3A//mirondavide.com/agriturismo/antica-osteria-della-ghiaia/%0A%0ALavoro%20da%20solo%20%E2%80%94%20niente%20agenzie.%20Il%20prezzo%20parte%20da%20%E2%82%AC500%20per%20una%20homepage%20completa%2C%20consegnata%20in%2072%20ore.%0A%0ASe%20vi%20interessa%2C%20possiamo%20sentirci%2010%20minuti%20%E2%80%94%20anche%20al%20telefono%20o%20passo%20di%20persona.%0A%0AUn%20saluto%2C%0ADavide%20%E2%80%94%20379%20210%206196%0A%0A---%0APer%20non%20ricevere%20altri%20messaggi%3A%20rispondete%20%27rimuovi%27.,
Da Gianni,Parma PR,"Largo Maestà del Taglio, 5, 43122 Parma PR",0521 783701,info@dagianniparma.it,SITO VECCHIO,no HTTPS,1152,https://mirondavide.com/agriturismo/da-gianni/,,mailto:info@dagianniparma.it?subject=Sito%20nuovo%20per%20Da%20Gianni&body=Buongiorno%2C%0A%0Ami%20chiamo%20Davide%2C%20realizzo%20siti%20web%20per%20attivit%C3%A0%20locali.%0AHo%20preparato%20una%20versione%20pi%C3%B9%20moderna%20del%20sito%20per%20Da%20Gianni.%0AEccolo%3A%20https%3A//mirondavide.com/agriturismo/da-gianni/%0A%0ALavoro%20da%20solo%20%E2%80%94%20niente%20agenzie.%20Il%20prezzo%20parte%20da%20%E2%82%AC500%20per%20una%20homepage%20completa%2C%20consegnata%20in%2072%20ore.%0A%0ASe%20vi%20interessa%2C%20possiamo%20sentirci%2010%20minuti%20%E2%80%94%20anche%20al%20telefono%20o%20passo%20di%20persona.%0A%0AUn%20saluto%2C%0ADavide%20%E2%80%94%20379%20210%206196%0A%0A---%0APer%20non%20ricevere%20altri%20messaggi%3A%20rispondete%20%27rimuovi%27.,
Trattoria Vigolante,Parma PR,"Str. Valera di Sopra, 378, 43126 Parma PR",0521 671143,,SITO VECCHIO,no HTTPS,1137,https://mirondavide.com/agriturismo/trattoria-vigolante/,,,
Officina Alimentare Dedicata,Parma PR,"Via Ferdinando Maestri, 11/A, 43121 Parma PR",0521 230505,utente@dominio.com,SITO VECCHIO,no HTTPS,1098,https://mirondavide.com/agriturismo/officina-alimentare-dedicata/,,mailto:utente@dominio.com?subject=Sito%20nuovo%20per%20Officina%20Alimentare%20Dedicata&body=Buongiorno%2C%0A%0Ami%20chiamo%20Davide%2C%20realizzo%20siti%20web%20per%20attivit%C3%A0%20locali.%0AHo%20preparato%20una%20versione%20pi%C3%B9%20moderna%20del%20sito%20per%20Officina%20Alimentare%20Dedicata.%0AEccolo%3A%20https%3A//mirondavide.com/agriturismo/officina-alimentare-dedicata/%0A%0ALavoro%20da%20solo%20%E2%80%94%20niente%20agenzie.%20Il%20prezzo%20parte%20da%20%E2%82%AC500%20per%20una%20homepage%20completa%2C%20consegnata%20in%2072%20ore.%0A%0ASe%20vi%20interessa%2C%20possiamo%20sentirci%2010%20minuti%20%E2%80%94%20anche%20al%20telefono%20o%20passo%20di%20persona.%0A%0AUn%20saluto%2C%0ADavide%20%E2%80%94%20379%20210%206196%0A%0A---%0APer%20non%20ricevere%20altri%20messaggi%3A%20rispondete%20%27rimuovi%27.,
Trattoria Casale Mariposa - Cucina sarda,Basilicanova PR,"via Nuova di Mamiano, 2, 43030 Basilicanova PR",0521 681376,,SITO VECCHIO,no HTTPS,1091,https://mirondavide.com/agriturismo/trattoria-casale-mariposa-cucina-sarda/,,,
Trattoria Rigoletto,Parma PR,"Borgo Amadio Ronchini, 4, 43121 Parma PR",0521 234852,,SITO VECCHIO,no HTTPS,986,https://mirondavide.com/agriturismo/trattoria-rigoletto/,,,
Borgo 20 | Ristorante Gourmet nel Centro di Parma – Accanto al Duomo,Parma PR,"Borgo Venti Marzo, 14, 43121 Parma PR",0521 234565,,SITO VECCHIO,no HTTPS,850,https://mirondavide.com/agriturismo/borgo-20-ristorante-gourmet-nel-centro-di-parma-ac/,,,
daMAT Bistrot,Parma PR,"Via Nazario Sauro, 3/A, 43121 Parma PR",0521 207267,,SITO VECCHIO,no HTTPS,849,https://mirondavide.com/agriturismo/damat-bistrot/,,,
Ristorante Stella di Mare,Fidenza PR,"Frazione Pieve di Cusignano, 98, 43036 Fidenza PR",351 910 7712,stelladimareristorante@gmail.com,SITO VECCHIO,no HTTPS,805,https://mirondavide.com/agriturismo/ristorante-stella-di-mare/,https://wa.me/393519107712?text=Buongiorno%2C%0A%0Ami%20chiamo%20Davide%2C%20realizzo%20siti%20web%20per%20attivit%C3%A0%20locali.%0AHo%20preparato%20una%20versione%20pi%C3%B9%20moderna%20del%20sito%20per%20Ristorante%20Stella%20di.%0AEccolo%3A%20https%3A//mirondavide.com/agriturismo/ristorante-stella-di-mare/%0A%0ALavoro%20da%20solo%20%E2%80%94%20niente%20agenzie.%20Prezzo%20da%20%E2%82%AC500%2C%20consegna%20in%2072%20ore.%0A%0ASe%20vi%20interessa%2C%20possiamo%20sentirci%2010%20minuti%20%E2%80%94%20anche%20al%20telefono%20o%20passo%20di%20persona.%0A%0AUn%20saluto%2C%0ADavide%20%E2%80%94%20379%20210%206196,mailto:stelladimareristorante@gmail.com?subject=Sito%20nuovo%20per%20Ristorante%20Stella%20di&body=Buongiorno%2C%0A%0Ami%20chiamo%20Davide%2C%20realizzo%20siti%20web%20per%20attivit%C3%A0%20locali.%0AHo%20preparato%20una%20versione%20pi%C3%B9%20moderna%20del%20sito%20per%20Ristorante%20Stella%20di.%0AEccolo%3A%20https%3A//mirondavide.com/agriturismo/ristorante-stella-di-mare/%0A%0ALavoro%20da%20solo%20%E2%80%94%20niente%20agenzie.%20Il%20prezzo%20parte%20da%20%E2%82%AC500%20per%20una%20homepage%20completa%2C%20consegnata%20in%2072%20ore.%0A%0ASe%20vi%20interessa%2C%20possiamo%20sentirci%2010%20minuti%20%E2%80%94%20anche%20al%20telefono%20o%20passo%20di%20persona.%0A%0AUn%20saluto%2C%0ADavide%20%E2%80%94%20379%20210%206196%0A%0A---%0APer%20non%20ricevere%20altri%20messaggi%3A%20rispondete%20%27rimuovi%27.,
Trattoria Menozzi,Parma PR,"Str. Traversante Pedrignano, 17/a, 43122 Parma PR",0521 061424,trattoriamenozzi1955@gmail.com,SITO VECCHIO,no HTTPS,757,https://mirondavide.com/agriturismo/trattoria-menozzi/,,mailto:trattoriamenozzi1955@gmail.com?subject=Sito%20nuovo%20per%20Trattoria%20Menozzi&body=Buongiorno%2C%0A%0Ami%20chiamo%20Davide%2C%20realizzo%20siti%20web%20per%20attivit%C3%A0%20locali.%0AHo%20preparato%20una%20versione%20pi%C3%B9%20moderna%20del%20sito%20per%20Trattoria%20Menozzi.%0AEccolo%3A%20https%3A//mirondavide.com/agriturismo/trattoria-menozzi/%0A%0ALavoro%20da%20solo%20%E2%80%94%20niente%20agenzie.%20Il%20prezzo%20parte%20da%20%E2%82%AC500%20per%20una%20homepage%20completa%2C%20consegnata%20in%2072%20ore.%0A%0ASe%20vi%20interessa%2C%20possiamo%20sentirci%2010%20minuti%20%E2%80%94%20anche%20al%20telefono%20o%20passo%20di%20persona.%0A%0AUn%20saluto%2C%0ADavide%20%E2%80%94%20379%20210%206196%0A%0A---%0APer%20non%20ricevere%20altri%20messaggi%3A%20rispondete%20%27rimuovi%27.,
Trattoria Le Viole | Specialità Parmigiane,Castelnovo PR,"Str. Nuova di Castelnovo, 60 /A, 43126 Castelnovo PR",0521 601000,trattorialeviole@gmail.com,SITO VECCHIO,no HTTPS,727,https://mirondavide.com/agriturismo/trattoria-le-viole-specialit-parmigiane/,,mailto:trattorialeviole@gmail.com?subject=Sito%20nuovo%20per%20Trattoria%20Le%20Viole&body=Buongiorno%2C%0A%0Ami%20chiamo%20Davide%2C%20realizzo%20siti%20web%20per%20attivit%C3%A0%20locali.%0AHo%20preparato%20una%20versione%20pi%C3%B9%20moderna%20del%20sito%20per%20Trattoria%20Le%20Viole.%0AEccolo%3A%20https%3A//mirondavide.com/agriturismo/trattoria-le-viole-specialit-parmigiane/%0A%0ALavoro%20da%20solo%20%E2%80%94%20niente%20agenzie.%20Il%20prezzo%20parte%20da%20%E2%82%AC500%20per%20una%20homepage%20completa%2C%20consegnata%20in%2072%20ore.%0A%0ASe%20vi%20interessa%2C%20possiamo%20sentirci%2010%20minuti%20%E2%80%94%20anche%20al%20telefono%20o%20passo%20di%20persona.%0A%0AUn%20saluto%2C%0ADavide%20%E2%80%94%20379%20210%206196%0A%0A---%0APer%20non%20ricevere%20altri%20messaggi%3A%20rispondete%20%27rimuovi%27.,
Osteria dei Mascalzoni,Parma PR,"Vicolo Cinque Piaghe, 43121 Parma PR",0521 281809,,SITO VECCHIO,no HTTPS,705,https://mirondavide.com/agriturismo/osteria-dei-mascalzoni/,,,
Ristorante Perlage Parma cucina tradizionale,Parma PR,"Viale Antonio Fratti, 22/a, 43121 Parma PR",0521 781137,,SITO VECCHIO,template economico,627,https://mirondavide.com/agriturismo/ristorante-perlage-parma-cucina-tradizionale/,,,
La Filoma,Parma PR,"Borgo Venti Marzo, 15, 43121 Parma PR",0521 206181,,SITO VECCHIO,"no HTTPS, non adatto al telefono",552,https://mirondavide.com/agriturismo/la-filoma/,,,
Umami Gastrobar,Parma PR,"Str. Aurelio Saffi, 48, 43121 Parma PR",0521 061055,,SITO VECCHIO,non adatto al telefono,537,https://mirondavide.com/agriturismo/umami-gastrobar/,,,
Mosob Ristorante Etiope,Parma PR,"Via Volturno, 55/A, 43125 Parma PR",0521 577973,,SITO VECCHIO,template economico,515,https://mirondavide.com/agriturismo/mosob-ristorante-etiope/,,,
Cortex Bistrot,Parma PR,"Borgo del Correggio, 20/B, 43121 Parma PR",0521 062846,%20info@cortexbistrot.com,SITO VECCHIO,no HTTPS,504,https://mirondavide.com/agriturismo/cortex-bistrot/,,mailto:%20info@cortexbistrot.com?subject=Sito%20nuovo%20per%20Cortex%20Bistrot&body=Buongiorno%2C%0A%0Ami%20chiamo%20Davide%2C%20realizzo%20siti%20web%20per%20attivit%C3%A0%20locali.%0AHo%20preparato%20una%20versione%20pi%C3%B9%20moderna%20del%20sito%20per%20Cortex%20Bistrot.%0AEccolo%3A%20https%3A//mirondavide.com/agriturismo/cortex-bistrot/%0A%0ALavoro%20da%20solo%20%E2%80%94%20niente%20agenzie.%20Il%20prezzo%20parte%20da%20%E2%82%AC500%20per%20una%20homepage%20completa%2C%20consegnata%20in%2072%20ore.%0A%0ASe%20vi%20interessa%2C%20possiamo%20sentirci%2010%20minuti%20%E2%80%94%20anche%20al%20telefono%20o%20passo%20di%20persona.%0A%0AUn%20saluto%2C%0ADavide%20%E2%80%94%20379%20210%206196%0A%0A---%0APer%20non%20ricevere%20altri%20messaggi%3A%20rispondete%20%27rimuovi%27.,
Locanda Mariella Ristorante,Fragnolo PR,"Localita' Fragno, 59, 43030 Fragnolo PR",0525 52102,,SITO VECCHIO,no HTTPS,502,https://mirondavide.com/agriturismo/locanda-mariella-ristorante/,,,
Ristorante Al Parmigiano,Parma PR,"Via Trento, 11, 43122 Parma PR",329 337 8137,,SITO VECCHIO,"no HTTPS, template economico",495,https://mirondavide.com/agriturismo/ristorante-al-parmigiano/,https://wa.me/393293378137?text=Buongiorno%2C%0A%0Ami%20chiamo%20Davide%2C%20realizzo%20siti%20web%20per%20attivit%C3%A0%20locali.%0AHo%20preparato%20una%20versione%20pi%C3%B9%20moderna%20del%20sito%20per%20Ristorante%20Al%20Parmigiano.%0AEccolo%3A%20https%3A//mirondavide.com/agriturismo/ristorante-al-parmigiano/%0A%0ALavoro%20da%20solo%20%E2%80%94%20niente%20agenzie.%20Prezzo%20da%20%E2%82%AC500%2C%20consegna%20in%2072%20ore.%0A%0ASe%20vi%20interessa%2C%20possiamo%20sentirci%2010%20minuti%20%E2%80%94%20anche%20al%20telefono%20o%20passo%20di%20persona.%0A%0AUn%20saluto%2C%0ADavide%20%E2%80%94%20379%20210%206196,,
Bequadro Restaurant and Sound,Parma PR,"Via Goito, 1, 43121 Parma PR",0521 155 5527,bequadrorestaurant@gmail.com,SITO VECCHIO,no HTTPS,490,https://mirondavide.com/agriturismo/bequadro-restaurant-and-sound/,,mailto:bequadrorestaurant@gmail.com?subject=Sito%20nuovo%20per%20Bequadro%20Restaurant%20and&body=Buongiorno%2C%0A%0Ami%20chiamo%20Davide%2C%20realizzo%20siti%20web%20per%20attivit%C3%A0%20locali.%0AHo%20preparato%20una%20versione%20pi%C3%B9%20moderna%20del%20sito%20per%20Bequadro%20Restaurant%20and.%0AEccolo%3A%20https%3A//mirondavide.com/agriturismo/bequadro-restaurant-and-sound/%0A%0ALavoro%20da%20solo%20%E2%80%94%20niente%20agenzie.%20Il%20prezzo%20parte%20da%20%E2%82%AC500%20per%20una%20homepage%20completa%2C%20consegnata%20in%2072%20ore.%0A%0ASe%20vi%20interessa%2C%20possiamo%20sentirci%2010%20minuti%20%E2%80%94%20anche%20al%20telefono%20o%20passo%20di%20persona.%0A%0AUn%20saluto%2C%0ADavide%20%E2%80%94%20379%20210%206196%0A%0A---%0APer%20non%20ricevere%20altri%20messaggi%3A%20rispondete%20%27rimuovi%27.,
O' Belvedere,Parma PR,"Via Varese, 1, 43125 Parma PR",0521 963996,,SITO VECCHIO,template economico,483,https://mirondavide.com/agriturismo/o-belvedere/,,,
Ristorante Meltemi,Parma PR,"Borgo del Carbone, 3, 43121 Parma PR",0521 030814,,SITO VECCHIO,"no HTTPS, copyright 2016",465,https://mirondavide.com/agriturismo/ristorante-meltemi/,,,
Ristorante Antica Tenuta Santa Teresa,Parma PR,"Str. Beneceto, 26, 43122 Parma PR",348 249 1140,,SITO VECCHIO,"no HTTPS, non adatto al telefono",457,https://mirondavide.com/agriturismo/ristorante-antica-tenuta-santa-teresa/,https://wa.me/393482491140?text=Buongiorno%2C%0A%0Ami%20chiamo%20Davide%2C%20realizzo%20siti%20web%20per%20attivit%C3%A0%20locali.%0AHo%20preparato%20una%20versione%20pi%C3%B9%20moderna%20del%20sito%20per%20Ristorante%20Antica%20Tenuta.%0AEccolo%3A%20https%3A//mirondavide.com/agriturismo/ristorante-antica-tenuta-santa-teresa/%0A%0ALavoro%20da%20solo%20%E2%80%94%20niente%20agenzie.%20Prezzo%20da%20%E2%82%AC500%2C%20consegna%20in%2072%20ore.%0A%0ASe%20vi%20interessa%2C%20possiamo%20sentirci%2010%20minuti%20%E2%80%94%20anche%20al%20telefono%20o%20passo%20di%20persona.%0A%0AUn%20saluto%2C%0ADavide%20%E2%80%94%20379%20210%206196,,
Ristorante MEME,Parma PR,"Via Giacomo Ulivi, 3/C, 43123 Parma PR",0521 140 1671,prenotazione@ristorantememe.it,SITO VECCHIO,no HTTPS,422,https://mirondavide.com/agriturismo/ristorante-meme/,,mailto:prenotazione@ristorantememe.it?subject=Sito%20nuovo%20per%20Ristorante%20MEME&body=Buongiorno%2C%0A%0Ami%20chiamo%20Davide%2C%20realizzo%20siti%20web%20per%20attivit%C3%A0%20locali.%0AHo%20preparato%20una%20versione%20pi%C3%B9%20moderna%20del%20sito%20per%20Ristorante%20MEME.%0AEccolo%3A%20https%3A//mirondavide.com/agriturismo/ristorante-meme/%0A%0ALavoro%20da%20solo%20%E2%80%94%20niente%20agenzie.%20Il%20prezzo%20parte%20da%20%E2%82%AC500%20per%20una%20homepage%20completa%2C%20consegnata%20in%2072%20ore.%0A%0ASe%20vi%20interessa%2C%20possiamo%20sentirci%2010%20minuti%20%E2%80%94%20anche%20al%20telefono%20o%20passo%20di%20persona.%0A%0AUn%20saluto%2C%0ADavide%20%E2%80%94%20379%20210%206196%0A%0A---%0APer%20non%20ricevere%20altri%20messaggi%3A%20rispondete%20%27rimuovi%27.,
Osteria La Gatta Matta,Parma PR,"Borgo degli Studi, 9/A, 43121 Parma PR",0521 231475,osteriagattamatta@libero.it,SITO VECCHIO,no HTTPS,329,https://mirondavide.com/agriturismo/osteria-la-gatta-matta/,,mailto:osteriagattamatta@libero.it?subject=Sito%20nuovo%20per%20Osteria%20La%20Gatta&body=Buongiorno%2C%0A%0Ami%20chiamo%20Davide%2C%20realizzo%20siti%20web%20per%20attivit%C3%A0%20locali.%0AHo%20preparato%20una%20versione%20pi%C3%B9%20moderna%20del%20sito%20per%20Osteria%20La%20Gatta.%0AEccolo%3A%20https%3A//mirondavide.com/agriturismo/osteria-la-gatta-matta/%0A%0ALavoro%20da%20solo%20%E2%80%94%20niente%20agenzie.%20Il%20prezzo%20parte%20da%20%E2%82%AC500%20per%20una%20homepage%20completa%2C%20consegnata%20in%2072%20ore.%0A%0ASe%20vi%20interessa%2C%20possiamo%20sentirci%2010%20minuti%20%E2%80%94%20anche%20al%20telefono%20o%20passo%20di%20persona.%0A%0AUn%20saluto%2C%0ADavide%20%E2%80%94%20379%20210%206196%0A%0A---%0APer%20non%20ricevere%20altri%20messaggi%3A%20rispondete%20%27rimuovi%27.,
Enoteca Dal Lino,Parma PR,"Borgo Onorato, 12/a, 43121 Parma PR",0521 221291,,SITO VECCHIO,template economico,269,https://mirondavide.com/agriturismo/enoteca-dal-lino/,,,
Aerotrattoria Ronzoni,Parma PR,"Via Adriano Mantelli, 21/a, 43126 Parma PR",0521 348776,,SITO VECCHIO,no HTTPS,263,https://mirondavide.com/agriturismo/aerotrattoria-ronzoni/,,,
Brisla Trattoria,Parma PR,"Str. Luigi Carlo Farini, 41 /a, 43121 Parma PR",0521 885619,utente@dominio.com,SITO VECCHIO,no HTTPS,209,https://mirondavide.com/agriturismo/brisla-trattoria/,,mailto:utente@dominio.com?subject=Sito%20nuovo%20per%20Brisla%20Trattoria&body=Buongiorno%2C%0A%0Ami%20chiamo%20Davide%2C%20realizzo%20siti%20web%20per%20attivit%C3%A0%20locali.%0AHo%20preparato%20una%20versione%20pi%C3%B9%20moderna%20del%20sito%20per%20Brisla%20Trattoria.%0AEccolo%3A%20https%3A//mirondavide.com/agriturismo/brisla-trattoria/%0A%0ALavoro%20da%20solo%20%E2%80%94%20niente%20agenzie.%20Il%20prezzo%20parte%20da%20%E2%82%AC500%20per%20una%20homepage%20completa%2C%20consegnata%20in%2072%20ore.%0A%0ASe%20vi%20interessa%2C%20possiamo%20sentirci%2010%20minuti%20%E2%80%94%20anche%20al%20telefono%20o%20passo%20di%20persona.%0A%0AUn%20saluto%2C%0ADavide%20%E2%80%94%20379%20210%206196%0A%0A---%0APer%20non%20ricevere%20altri%20messaggi%3A%20rispondete%20%27rimuovi%27.,
Trattoria Corrieri Parma,Parma PR,"Str. Conservatorio, 1, 43121 Parma PR",0521 234426,,SITO OK,sembra moderno,8984,,,,
Osteria dei Servi,Parma PR,"Piazza Ghiaia, 1M, 43121 Parma PR",0521 185 6156,,SITO OK,sembra moderno,4734,,,,
Ristorante Gallo d'Oro Parma,Parma PR,"Borgo della Salina, 3, 43121 Parma PR",0521 208846,,SITO OK,sembra moderno,3898,,,,
Trattoria Del Grillo,Parma PR,"Str. Martinella, 281, 43124 Parma PR",0521 630176,,SITO OK,sembra moderno,3717,,,,
MIC Ramen Parma,Parma PR,"Largo Natale Palli, 5a, 43121 Parma PR",0521 365121,,SITO OK,sembra moderno,3177,,,,
L'Antica Pizzeria Da Michele Parma,Parma PR,"Piazza Giuseppe Garibaldi, 19/O, 43121 Parma PR",0521 375123,,SITO OK,sembra moderno,2564,,,,
Trattoria del Cacciatore,Sorbolo,"Via Aia, 15, 43058 Sorbolo, PR",0521 697400,info@trattoriadelcacciatore.com,SITO OK,sembra moderno,2499,,,,
Osteria Imelde Parma,Parma PR,"Via S. Leonardo, 106/A, 43122 Parma PR",0521 780732,,SITO OK,sembra moderno,1982,,,,
Sorelle Picchi,Parma PR,"Str. Luigi Carlo Farini, 27, 43121 Parma PR",0521 185 5966,,SITO OK,sembra moderno,1962,,,,
Risotto DAI C'ANDOM Parma,Parma PR,"V.le Mentana, 130, 43121 Parma PR",391 489 4128,,SITO OK,sembra moderno,1741,,,,
Manubiola,Berceto PR,"Localita' Fontanelle, 78, 43042 Berceto PR",0525 64511,,SITO OK,sembra moderno,1717,,,,
Ristorante Antica Hostaria Tre Ville,Parma PR,"Via Benedetta, 99/a, 43122 Parma PR",0521 272524,,SITO OK,sembra moderno,1690,,,,
Trattoria Ai Due Platani,Coloreto PR,"Strada Budellungo, 104/a, 43123 Coloreto PR",0521 645626,,SITO OK,sembra moderno,1672,,,,
Ristorante La Greppia Parma,Parma PR,"Str. Giuseppe Garibaldi, 39, 43121 Parma PR",0521 233686,lagreppiaparma@gmail.com,SITO OK,sembra moderno,1590,,,,
Ristorante Cocchi,Parma PR,"Viale Antonio Gramsci, 16/A, 43126 Parma PR",0521 981990,info@ristorantecocchi.it,SITO OK,sembra moderno,1587,,,,
Ristorante La Forchetta,Parma PR,"Borgo S. Biagio, 6/D, 43121 Parma PR",0521 208812,,SITO OK,sembra moderno,1493,,,,
Degusteria Romani,Parma PR,"Borgo Palmia, 2/C, 43122 Parma PR",0521 229816,,SITO OK,sembra moderno,1382,,,,
Locanda del culatello,Soragna PR,"Piazza Garibaldi, 12, 43019 Soragna PR",347 492 5951,info@localiconsigliati.it,SITO OK,sembra moderno,1227,,,,
Ristorante Sapori del Mondo,Parma PR,"Via Emilia Ovest, 17/a, 43126 Parma PR",320 710 3230,,SITO OK,sembra moderno,1181,,,,
Osteria del Teatro,Parma PR,"Piazza S. Bartolomeo, 9, 43121 Parma PR",0521 185 6233,,SITO OK,sembra moderno,1179,,,,
Bar Bistrò Mama Bottega e Piaceri,Parma PR,"Via Goffredo Mameli, 9/c, 43121 Parma PR",0521 572213,,SITO OK,sembra moderno,906,,,,
Artaj,Parma PR,"Stradello S. Girolamo, 19/a, 43121 Parma PR",370 328 6861,,SITO OK,sembra moderno,868,,,,
Il Trovatore Ristorante,Parma PR,"Via Ireneo Affò, 2/A, 43121 Parma PR",0521 236905,,SITO OK,sembra moderno,855,,,,
Trattoria da Berto,Corniglio PR,"Mossale Inferiore, 2, 43021 Corniglio PR",0521 889150,,SITO OK,sembra moderno,818,,,,
Trattoria il Cortile,Parma PR,"Borgo Paglia, 3, 43125 Parma PR",0521 285779,,SITO OK,sembra moderno,769,,,,
Trattoria del Ducato,Parma PR,"Via Niccolò Paganini, 5, 43121 Parma PR",0521 486730,trattdelducatoparma@gmail.com,SITO OK,sembra moderno,613,,,,
ATIPICO osteria moderna,Parma PR,"Viale Osacca, 3/c, 43126 Parma PR",366 381 3506,,SITO OK,sembra moderno,547,,,,
Bacco Verde associazione Arci,Parma PR,"Str. Felice Cavallotti, 33, 43121 Parma PR",0521 230487,baccoverde@hotmail.it,SITO OK,sembra moderno,510,,,,
L'incontro dei Sapori,Parma PR,"Via Silvio Pellico, 12/c, 43126 Parma PR",0521 863716,,SITO OK,sembra moderno,450,,,,
Trattoria Affittacamere Da Franco,Parma PR,"Str. Pozzolo, 15, 43126 Parma PR",0521 392044,franco.monia@libero.it,SITO OK,sembra moderno,428,,,,
Il Pianetino,Parma PR,"Str. XX Settembre, 51, 43121 Parma PR",0521 233102,,SITO OK,sembra moderno,400,,,,
La Cucina Del Maestro,Parma PR,"Str. Luigi Carlo Farini, 19/B, 43121 Parma PR",0521 185 5977,,SITO OK,sembra moderno,399,,,,
Osteria RiTosco,San Pancrazio PR,"Via Emilia Ovest, 187, 43126 San Pancrazio PR",0521 673178,riotosco@gmail.com,SITO OK,sembra moderno,233,,,,
Osteria Oltrevino,Parma PR,"Borgo Pietro Cocconi, 3/E, 43125 Parma PR",331 188 1522,,SITO OK,sembra moderno,232,,,,
Ristorante Cantone,Porporano PR,"Str. Argini Parma, 185, 43123 Porporano PR",0521 375769,,SITO OK,sembra moderno,175,,,,
Ristorante Pizzeria Mibia,Parma PR,"Piazzale Vittorio Emanuele II, 15, 43121 Parma PR",0521 522469,,SITO OK,sembra moderno,168,,,,
Osteria Devodier,Medesano PR,"Via case mezzadri, 109, 43014 Medesano PR",334 360 7632,,SITO OK,sembra moderno,151,,,,
Marì Contemporary Flavours,Parma PR,"Via Giovanni Lanfranco, 3, 43126 Parma PR",340 549 4258,info@ristorantemari.it,SITO OK,sembra moderno,145,,,,
La Pilotta by Bequadro,Parma PR,"Via Giambattista Bodoni, 3, 43121 Parma PR",0521 065989,bequadrorestaurant@gmail.com,SITO OK,sembra moderno,130,,,,
Osteria Case Vecchie,Case Vecchie PR,"Via Case Vecchie, 119/a, 43122 Case Vecchie PR",0521 179 2139,,SITO OK,sembra moderno,122,,,,
Osteria Re Quinto,Parma PR,"Borgo del Correggio, 60, 43121 Parma PR",344 718 1671,,SITO OK,sembra moderno,95,,,,
Don Antonio Paradigna,Parma PR,"Via Alfredo Veroni, 35, 43122 Parma PR",0521 367306,,SITO OK,sembra moderno,75,,,,
Salsamenteria di Parma,Parma PR,"Str. Duomo, 5a, 43121 Parma PR",0521 183 0652,parmaduomo@salsamenteriadiparma.com,SITO OK,sembra moderno,41,,,,
